pse_pssm0,pse_pssm1,pse_pssm2,pse_pssm3,pse_pssm4,pse_pssm5,pse_pssm6,pse_pssm7,pse_pssm8,pse_pssm9,pse_pssm10,pse_pssm11,pse_pssm12,pse_pssm13,pse_pssm14,pse_pssm15,pse_pssm16,pse_pssm17,pse_pssm18,pse_pssm19,pse_pssm20,pse_pssm21,pse_pssm22,pse_pssm23,pse_pssm24,pse_pssm25,pse_pssm26,pse_pssm27,pse_pssm28,pse_pssm29,pse_pssm30,pse_pssm31,pse_pssm32,pse_pssm33,pse_pssm34,pse_pssm35,pse_pssm36,pse_pssm37,pse_pssm38,pse_pssm39
0.19210287532705922,0.1344676959601021,0.3131408579160469,0.18800609353239808,-0.6051966975922943,0.26046633012360554,0.35734375561112175,-0.31962782350557783,-0.0774901853566771,-0.0515182571561553,-0.1256625088108765,0.3292587707209699,-0.000953078098017378,-0.3601759888048682,-0.06307391800329068,0.6098664172227297,0.3500068290581134,-0.941766328397966,-0.17258287144501178,-0.016611968301411827,0.8740838067841422,1.5653258110125494,2.1510868620521024,2.5889267535648552,1.5890241499943651,1.2242760709473368,2.083533867977647,1.4779162667431471,1.7129921324720656,2.476731736688419,2.3491645391701783,1.2271751716925683,1.3602053950163675,2.1513884478819256,2.6451772390377086,1.3075252216284112,1.2510828674598014,1.4509008620695425,1.9328591934796853,1.825214492107192
0.4887039433986495,-0.03593208436623632,0.11292231825701747,0.08204752707041507,-0.3711354242263559,0.07792849908527309,0.0516224204497204,0.03203271243884751,0.04066414515157492,-0.1235391676257178,-0.16326160300536094,-0.07723531655807354,0.045927780790359606,-0.32199673370827814,-0.07333193715674625,0.2391935070326733,0.30713241077960307,-0.3863049829886345,-0.03913770459432071,0.11369968977559007,1.3439742944249764,1.8353346605743288,1.556828241962009,2.1992780178978366,1.6003105555944848,1.0719105380240788,1.6684002552911235,2.9477046799948567,1.3374610892809016,2.239822377412868,2.1525752974524033,1.2551376035971198,1.346770890865456,2.090831105986432,2.228981313953705,1.2877378584958659,1.22550541740177,2.763107338550813,1.760834164781302,2.1207497236866084
0.1271115843080906,0.047420091637449924,0.14331086728246387,0.1493478651543963,-0.7693547746195448,0.08645697281479782,-0.04879477897272058,-0.1458376692895143,0.3485433787828059,-0.17541557904678962,-0.2883416592349111,-0.3048078156779004,0.36756163930404645,-0.13274663369101072,0.29442474543264413,-0.034963420598952966,0.3222012148068485,-0.011021188569795998,0.008846384119676712,0.01605877605792064,0.7602963270737928,1.5561807652876083,1.5812050021560062,1.8713379340170289,2.021351207864688,1.0130962428814811,1.3308353922426135,2.2879415684822835,1.7159259913515728,1.6929116871722956,1.9288014222607792,0.8290483280878994,1.3590846402896999,1.9564515075406543,2.803793798599555,0.7181660770663456,1.2047307988705243,3.5566151428565003,1.5080209080357443,1.5981735312611303
0.2876400677487138,0.0485604770327312,0.15655195154421986,-0.10620501795072139,-0.2762685803652201,0.2659152884312336,0.01735138375986066,-0.2283930771086102,-0.014208422248875524,-0.0037567367962127915,-0.08693937882489752,0.30201357968296433,0.05609165796286024,-0.19322718261429786,-0.1539579583901311,0.37330736415324467,0.3397936129124362,-0.7288663840084773,-0.22233156434007348,0.16692891941925286,1.341509309727636,1.3648411895892485,1.5673701798826105,1.7040307075257661,2.321180895070125,1.5250718945823003,0.8977878855953224,1.9611770716105492,1.3498258839211412,2.579771655497973,2.5223721088405213,2.130104752830056,1.1741290362191417,2.793071228162064,2.400669160703557,1.2725550875022016,1.1255433871897171,2.3556211108023826,2.033101614930778,2.198129988371673
0.5648216646704741,-0.12899676886521683,0.17697320343446435,0.16875356751656634,-0.8286548344297594,0.23592971496742954,0.05866714428921625,-0.12623035699995713,-0.2317545476125785,-0.027264952530967314,-0.07314204980538722,0.03560124562755788,0.19563989207898172,-0.234320677697079,-0.1593157437383903,0.1725379031191414,0.27305471674728005,-0.2597861651320464,0.06294240466180849,0.12454463969846198,1.196385092279337,1.4048017976371774,1.9869885261082811,2.582622039670019,1.0268595974184913,1.007604985514144,1.5893543536506374,1.9063819179461388,0.8877899791217253,1.9111391603200687,1.6288871548700457,1.6614651934945908,1.3683350210074252,2.1420972202453754,2.3677811795598545,0.9173430105666472,0.788050759933598,3.369569133712729,2.2121793118798685,1.338638095881029
0.6221157752684572,0.27495527359595207,-0.08711792758222983,-0.01449956820656615,-0.4019380776179885,0.056140728898493884,0.15122448545990247,-0.1257074975712287,0.045408903618546013,-0.010745698541666179,0.09150223232981657,0.009643193100961666,0.1071781691713524,-0.3622904955913038,-0.19318755223938333,0.16026935355470984,0.2549061058532185,-0.5552401533414161,-0.2808758645125981,0.2582586143529687,1.3937863139830267,1.9206047718726724,1.677357423136398,2.3565488349902335,1.3671646851810904,0.9732496774343912,1.7816907496030436,2.4369711339344975,1.5642865225496556,2.203454630528934,2.414656038237511,1.2308413577913206,1.5935640089865908,1.7179646266268196,2.0687196092729505,0.9830588422498656,1.0694946620926475,1.6835433883412994,1.2843098070405907,2.057476887311369
0.751149716513049,0.33373271845125646,-0.14306369433347305,0.23579318682970746,-0.7277198043123809,0.1355967726569485,0.21990144972450276,0.2588895318252632,0.05926679589809609,-0.3921070830084592,-0.26183617041923646,-0.10453236087980199,-0.2531078534000299,-0.4051128259166137,0.0725323036541723,0.3622910979980962,0.5712307079152255,-0.6124176920585556,-0.25224264301851795,0.15175584588075175,1.4722252475022461,1.5546526390979458,1.0687214163690113,1.9283084903245231,2.289776343571187,0.6410948836471776,1.2090372719882092,2.393810589076273,1.9191785688274765,1.4557375660585026,1.813277918704024,0.5149682169927171,1.258300298078318,1.7093058501928549,2.67218868952234,1.0193294273550435,2.456647040985989,2.72666748337161,1.4136168088770387,1.8270865613772411
0.08352565465953772,0.17870175645966346,0.09679119377038625,0.024827260481114,-0.09115214774605,0.17964338036713934,0.39218384355335706,-0.24055234512892154,0.10734471832369137,-0.047724691285415434,-0.26340396181885684,0.34257329347966087,-0.09719934570161946,-0.34021448238885205,-0.16427889395718792,0.217058100702268,0.3307504285152624,-0.726011464492694,-0.1428881687499818,0.16002587095749818,1.4481688986482,1.6416248595215952,1.4870528997144163,1.71183983998689,1.5525481851907403,1.0294453288595025,1.6314411417960035,3.1015679109489724,1.485747628432551,2.565754603569854,1.9373864774896492,1.3760036531859785,1.100170066326516,2.0962246140845413,2.559989747222001,0.9353686637767602,0.9822218920594932,2.8146587186514407,2.139457865121327,1.8759873180867688
0.24986354269908564,0.27366394133961053,-0.05496335670780322,0.185497132001492,-0.5263581265861038,0.04929398852263492,0.08099093138556268,-0.1731442623009066,0.2810873400441767,-0.17589355167799184,-0.15763479392397836,-0.09577958245846163,-0.06463847667716249,-0.10637679415055801,-0.16219384134607462,0.14266634026795652,0.2325487796613241,-0.08429224045285746,0.07338384590825636,0.03227918445179801,0.9471578335744474,1.4838563992662508,1.3898235449125687,2.098912107911096,1.409965447156472,0.8369524229003228,1.3626821597073553,2.0872046778721316,1.4207499934726004,1.8055338318068137,1.8827493343580268,1.151601108778419,1.122056548566987,1.9299192430496983,2.3740184826237183,1.1044082716444392,1.0000155885411923,3.823369764879124,1.8012017154792204,1.3873989840899528
0.07498235795784326,0.03120791267914048,0.052092176256273486,-0.11055647988015543,0.07149280419425401,0.0640156670895033,-0.03540958178254981,-0.3842035404858729,0.440016974478866,0.05287900784331983,-0.19044344080319647,0.006102982894875687,0.3216193394787509,-0.05081498016407146,-0.28998348477302227,-0.042280551386956335,0.04979921464163837,-0.08386730672754511,0.11190229716264864,-0.08855136867374355,0.8768599446678605,1.6555949013507656,1.3060729252817735,1.964297025407304,2.431511084244742,0.9185687499220904,1.5473706792967554,1.6108275157244973,1.9586709529543875,1.8174005294505775,1.61383282437766,1.1925384511910497,1.3460087763029849,1.640695180585592,2.1712501930517294,0.727205466285568,0.6821266139593818,5.12000864242832,1.2339348120311733,1.3263140208693722
0.19887407849589223,0.12338222449618673,0.30160265923048707,0.25399294784621584,-0.4211768707730798,0.2966472353754521,0.2685240089243322,-0.10383622559125415,0.03991137651935246,-0.09687982475379214,-0.1840362909980472,0.25389157449989846,-0.12591716865793426,-0.3725459721220897,-0.1730178629431665,0.4145210725094314,0.3387629270385454,-0.8806764531191924,-0.1407367703863252,0.008713334409086945,1.059217205516069,1.2752363318357443,1.467373768376725,2.338879723266394,2.9259017351233303,1.1703699049899055,1.4114756751787338,2.022592315372134,1.4705197323569692,2.490979536556871,1.6141421067340305,1.2088217147120748,1.1646004729753638,2.1057682302245175,2.207040675816991,1.0647811287841256,1.006829239924062,1.7820101971245583,1.2570500050922746,2.0006866091990205
0.21558829768790755,0.255769943863698,0.3067576062264306,0.3144501870948236,-0.7694590102498277,0.6176992520114587,0.5734211421851363,-0.5312298756991551,0.1908255582411901,0.020643295496663144,0.14005942105206015,0.31158766352581924,0.030123721764354024,-0.35339180151237826,-0.5618183180499542,0.37538459151550013,0.26870816296066063,-1.1316352677148764,-0.2735017851886121,1.721478910053175e-05,0.8504180573952288,1.5707938342799836,1.2878688151409483,2.412399120447698,1.8472037961463457,1.416443900579699,2.2521622849213006,1.0484598214767564,1.810168171005496,2.369599832144135,2.7665048794749625,1.3154260083836984,1.6322240141157762,2.298221425395329,1.1242510235950511,0.8852741835291656,0.6558809426711836,1.838706914004263,1.5243200411044902,1.5259102695035474
1.0331959791885152,-0.23532633603850464,0.9253264559362122,0.28110253393913454,-1.1490006664178212,0.2070816286735577,-0.18510928375982574,0.7883291675214222,-0.4263534524384283,-0.05427932060895336,-0.34657563394401053,-0.06408214329043938,-0.2825997359557417,-0.6754669422899217,-0.6279787360726673,0.883316273500993,0.9903613487209372,-1.1629225802727652,-0.19006500511068866,0.2910464487189964,1.592350199753965,0.8759334809946802,1.7105180922499328,1.5384797496430362,0.31971205586373164,1.266415208454273,0.5605248940539878,2.0737448422532996,0.648690968015926,2.1883201211361922,1.7296274662462912,0.7090402647785272,1.0675457785225992,0.8037430005657294,0.5577412455293372,0.9899112388363096,1.0757758507759425,0.932074672495064,1.1841950774575736,2.3337886393094256
0.4745053333890031,0.23598973112109525,-0.25108854167816097,0.004582433823684902,-0.3317167654028233,-0.03497160624675709,0.06276680864573721,-0.06521132135814202,0.3472064239769042,-0.12526201763175723,-0.10111369230530497,-0.2896319458580165,0.2216134665571773,-0.18398936712573666,-0.09225917799253827,-0.05630433481382451,0.056811435754178685,0.1682182001068576,-0.011823895345585533,-0.028321167615991207,1.3944601777506387,2.023241611898236,1.2253812884351216,2.683881427405709,1.666516957230147,0.9873408897786452,1.9070623174225183,2.457305470037711,1.5654666081780468,2.2205820193432273,2.034881739551486,1.33122181697748,1.5321459037912988,1.9128147824314816,2.669288280661788,0.7708605699128915,0.8341730256967437,2.742677215781988,1.567326217254441,1.760110233071859
0.5309565899215286,-0.10901951333275453,0.1600241776941894,0.15740312930442196,-0.6915156360758423,0.22464288133451488,0.21726422980524282,-0.11278846392545873,-0.2462053069784213,-0.0024743575709268596,-0.1275714945098999,0.13433838114800706,0.05179564698429964,-0.28942004391899245,-0.1708350452951576,0.3202697798183439,0.4017008880912015,-0.5557404967372327,-0.01905493018195703,0.12622958442489335,0.9322379211088196,1.3435658052308392,1.5350572792594013,2.2416965460499148,1.149109052817696,1.1220463526822013,1.8021559051570255,1.859285496113984,0.943169772113348,2.4590045600706514,2.0105038196172247,1.3334646723618049,1.2469859384054511,1.8629166307452727,2.266832829221455,0.9433115811220052,0.8835964697446728,2.0797039402816666,1.5882010110739904,1.8872528832849025
0.28475718061925304,0.10370733854986793,0.38952501718941895,0.3515868985839154,-0.830261485562018,0.561824657753558,0.559577089071174,-0.38512065991962235,-0.1365372708835869,-0.14694917191712986,-0.051638841623010696,0.5275970156550734,0.012394283464479381,-0.4924033336134968,-0.4478522626132672,0.4299207898199388,0.32371291923729284,-0.8957193959885885,-0.039787083427424735,-0.11833368439582705,1.3853536568878586,1.0739636316741878,1.7578332962148326,2.2082563143346627,0.4752175011065998,1.5883918517574436,1.7675614671792563,1.5730523413973605,0.6649481042606555,2.685536717803624,2.753347896698645,1.7020945537635834,1.6187038712517754,1.8390547714993395,1.213443725133187,1.144225885721846,0.7815023909534304,0.9854040080716516,3.039281155586593,1.304323572937519
0.5685329216449811,0.5264771556868447,-0.34964313034442357,0.029109750129027487,-0.41200301791435495,0.06753150742190202,0.0679021620057248,-0.16317368293596207,0.4642079345464259,-0.25462003840458564,-0.08679536684656558,-0.3717907319175181,0.13164561651715834,-0.3068433541132757,0.04153337034222344,0.058670772441900484,0.19168263015469797,0.06658611313556735,-0.2955417791324596,0.02653116758269112,1.2464243762495053,2.4642579011367074,1.049017155284059,1.9190018133375613,2.154622446794141,1.1370844915698652,1.335532309399875,1.7520556712966289,1.335119065686538,1.770502311515561,2.117010007642458,0.6621839016208914,1.4588173310100603,1.6143579816739537,2.4240680567944666,0.9475571703285856,0.8996458315452831,4.186181666219216,1.2046815329387208,1.3644396185602576
0.10238179241792508,0.2319070976744125,0.18108416732311566,0.08037043668355356,-0.4191263641243474,0.38388774851789503,0.2829806308326292,-0.3875884625732389,0.1941404791345525,-0.05272162701885902,-0.07364882324367963,0.38798331448524725,0.05688716068578039,-0.22166288055751168,-0.320937584923719,0.25117719217408263,0.17442751765340903,-0.7859105220266739,0.013466484410984473,-0.07909775752555756,0.9158484181417949,1.551470034441922,1.6305742567863581,2.207851592212162,2.466164027667733,1.386839798357949,2.0036427476350367,1.9405716154027104,1.979468790355709,2.449593521142153,2.140255081102743,1.4210949534586377,1.4831682036369378,2.643008932807166,1.6422461813541054,0.8628678255419203,0.939623461846356,2.2607122307607264,2.1106559126436943,1.6601464485380542
0.14957067334747107,0.4805096538723201,-0.02788922553088085,-0.3351148018073086,0.15196130507235636,0.3214373059349008,-0.10366696936033,-0.30310253988745905,0.4818477538690932,-0.23441927489767994,-0.3607515342228543,0.24743647607650654,0.26429995270433104,-0.422987498079872,0.07648072223561121,0.22230258202254413,0.25452753865743977,-0.4711681382358636,-0.1896231466211018,-0.20165083514922524,1.6691969359850618,1.9637487667578335,1.0226684280574847,1.5789648280901396,2.938501555581157,1.3218688604229427,1.0194070819193772,1.087509883501074,1.9131282487808825,1.484583442895146,1.631308005074899,1.5784122301269221,1.66194767639067,1.7373260437648144,1.674003692918707,0.6898608225458172,1.150703918437466,4.8935639178173815,1.6769942661890815,1.1090432237574976
0.42038151582275424,0.08914833772436095,0.11344601493715326,0.12506164748745968,-0.5445381635955511,0.16533276816685757,0.09927128332107928,-0.181483489400437,0.058289533832673976,-0.07534703964187138,-0.055824169732825404,-0.009668291098716286,0.0633985490746217,-0.3316871373774484,-0.39362313570637963,0.21317797938536254,0.3306533333708217,-0.2461826335966781,0.18661481546043265,-0.026421718433669805,0.9697304197379658,1.8584792003456847,1.566588767824836,2.2214164577925635,1.4118627607535987,1.0156993882286787,1.568633195671031,2.188983680395953,1.0159555404549634,2.29281694187838,2.250503076025353,1.5927294097548956,1.701611424604628,1.7536559643226095,1.7514155040798145,1.183871556463222,1.1721391722390975,2.1732679578614813,1.534833953899128,1.679534495120371
0.263666657108611,0.20111139016224736,0.06327284197623896,-0.07210430460271748,-0.317579770259722,0.28315918387679406,0.19833375549074425,-0.36359888674348984,0.2973429190762364,-0.09916124273249219,0.005038340664890329,0.1835614631070128,-0.07122610255308498,-0.16205251119914926,-0.16798121525464196,0.18557834168307247,0.09338960112076777,-0.32114304635912794,-0.02482523082511344,-0.17478218373707727,1.0677821578455324,1.860800050246588,1.4487883807727688,2.1931199701784423,1.57687377727392,1.0953216519919002,1.9545136387359288,2.047250883131873,1.9228329689852053,2.0522991318006083,2.4154182488121494,1.3756685070524854,1.356766802545328,2.5509991915234043,2.488306593245461,1.2075736306937228,0.9533088453384893,3.676741840704164,1.8161998976485287,1.309133742973545
0.4858006123924146,0.06270920482527606,-0.12407916417703825,0.030201469019641543,-0.16031008959433374,-0.029362385154309736,0.15514360517086845,-0.005282317981432562,0.021333029184817026,0.1125025341097841,0.08180565759587052,-0.04879601823059665,0.0749880145474672,-0.2046559414453298,-0.26501939957740783,0.1466840504750942,0.09820027927478593,-0.3735230731400442,-0.20041411194717126,0.1420740446516445,1.0505485431638315,1.6239262784453432,1.233796755405019,2.424041594837039,1.41787800424127,0.9983724195358082,1.9178197998211528,3.0748590740983865,1.3998411843914735,2.6344560858621104,2.2553231363618744,1.30356621853605,1.4067636563646162,1.7589707917435669,2.1673970757569663,1.0270261239553446,0.850639423570891,2.2419718376723234,1.287269284846752,1.8446442603939328
0.194389464012635,0.44223698825478214,0.1985639816207624,-0.0044756365560897965,-0.2024851996846443,0.40394914900277273,0.09290822696748147,0.12710993928540956,0.11998894574918367,-0.32352816570131687,-0.30481520023153896,0.3794467977348645,0.09390529846642447,-0.45028931919317694,-0.1315717010383242,0.4927676713141792,0.1807032680117944,-0.8864893984105262,-0.2537039709529869,-0.16861113865168495,0.8183454686964378,2.385017796172559,1.5148933073414275,1.7012145410715547,4.443452895799941,1.4807305536656985,1.0207667170000303,3.282317873697044,1.0788238771971974,1.297631594802371,1.7143700683318017,1.4595047304318,2.21092307017254,1.6237360071372051,2.902538533812697,0.761720669715376,0.9247120596020314,0.7355802862180508,2.1836199345685245,1.13599782154237
0.5028995814810996,0.44015968720340803,-0.26839766312798635,-0.07803212603454016,-0.059914955974683035,0.13374609479789087,-0.024679113235417303,-0.37859859699213233,0.4024494342186092,-0.18157227806684256,-0.12089867758561025,-0.18959719471495587,0.23831590406387285,-0.21212210963346384,-0.27800859786555504,0.00165717081178207,0.01886790803155825,0.1665501989908426,0.006903499011765044,-0.11972816537964237,1.413833587254803,2.141553549342347,1.0772976021248144,2.1101457145850087,2.1917807645487106,0.8468241098969658,1.544782864114037,1.9693962799824956,1.3074534257837,1.9045974052661712,2.0898478921594545,1.1535747140138304,1.4576107981426112,1.9992755351149067,1.842085877679512,0.8219230659863461,0.6604155222292023,3.725689050190783,1.6447146503456584,1.3526861586870385
0.14634467074121954,0.062120424476014416,0.21580575634312676,-0.0122599509146893,-0.529720035799519,0.29467187490441266,0.2365649524352482,-0.4720334190049312,-0.1632140343523571,0.036714412783259764,0.005066067717975025,0.3294304998767984,0.13496527534301486,-0.14757473065283666,-0.268549128508865,0.4821389531798984,0.3724616707299205,-0.7229379807129126,-0.06140258402266571,0.06140730543788873,0.7822802687135375,1.6268444735098648,2.3926360698834968,2.563803166378902,1.4226920302551709,1.62183169055385,2.085009023821846,1.722042771883929,1.014847837546116,2.9035144743364554,2.607285375254877,1.93384289106711,1.521644454583426,3.4391403040092325,2.5156708629583524,1.5369177320869452,1.1594426526437367,1.8184636077765048,2.3750373731288934,1.858485037512552
0.4851306894053243,0.3742902051680991,-0.1395992487851761,-0.24407130270712826,-0.08005269844266068,0.07873368350522625,0.0147459534379599,-0.1865332300787776,0.209457951519013,0.023264528649511045,-0.06672225765106309,0.14285386655045934,-0.039387941568515585,-0.08895175248009075,-0.32174594431197306,0.250958223469159,0.06937160613244545,-0.35640315174912485,-0.07745472232906277,-0.04788445773362482,1.648794462028554,1.944422454007264,0.93212694360987,2.043686271437103,1.381264919850615,0.9567378745212738,2.0545777369438825,2.5417677942138512,1.8845454598131568,2.876173770702569,2.215615522275257,1.0173005851175256,1.30233042060126,2.0998554574986827,1.6287872455310077,1.4451729856305762,0.7947946654387346,2.922433929794503,1.547667312456617,2.113722805302954
0.2596496725766242,0.39890577881346245,0.1144543069995164,0.06923386070466755,-0.7325511940558151,0.42843341992172007,0.4930542552631037,-0.4139159668378661,-0.04003110329118769,0.13796500126104647,0.022485912946668005,0.4687572243790985,0.2728077782107772,-0.4168401396447446,-0.44101852646126966,0.2170935257240877,0.21520043224719848,-0.85861833390989,-0.21082692390280136,0.015761019055604664,0.7929907683262271,1.6430903678143411,1.5455159161399192,1.8225368078702753,0.9969930373961332,1.559770470314889,2.290938348328672,2.437251847434924,0.8410659815097848,2.814320768791186,2.334201140600536,1.6335739338025466,1.5066726038518845,1.820916533593805,1.7360921405568996,1.1862213781370563,0.8615854502291914,1.9082428995315408,1.6031415653234202,1.8109133996868845
0.17533086926118335,0.14268040074046484,0.037764803942962846,-0.046215356698238716,-0.09446582555456529,0.020789467159815028,0.049227694758309,-0.20622954231971397,0.2216182022374803,0.03181760700727348,-0.07340359007731553,0.09631637178008441,0.054792729598143956,-0.11396844995494443,-0.2849695954080245,0.3098297429921267,0.23812886671564806,-0.5794252572192015,-0.08082209368579304,0.10120295472430432,1.098611737287827,1.939193505171744,1.7008924897580764,2.1804069354365083,1.6689195555418934,0.9782449190961164,1.76705565050016,2.322826658844252,1.5789973229870562,2.6648411455292567,2.592487760691681,1.2956566157640332,1.645938921476393,2.508768986854874,2.461798777072029,1.1382946142890058,1.0033615559678664,1.9650598664204209,1.4634793239343884,1.8830019347726736
0.37041315359308497,-0.07891830643617459,0.0529502932116189,-0.10233184650362909,-0.5005396269144663,0.1248170737023613,0.06876369197609722,0.03820792202026792,-0.09648758441859777,0.020905091153940143,-0.04333947133810159,0.16286412116410312,0.22130574741905704,-0.26555348766626363,-0.26803890002340547,0.41347847471861005,0.5639136141403658,-0.712578113719036,-0.20742121785900378,0.23758937177917125,1.0876118011841611,1.4988866519207833,1.5445369479172162,2.077195971999495,1.9418841856509712,1.040207182014237,1.733259901076504,3.455833863688993,2.0565500949424047,2.340028051130362,2.149038427903591,1.6242469243925688,1.9046179773082588,2.505125496584218,1.9466631725379664,1.2112454924907674,1.3846434005726582,2.0345614932578986,1.5969480113328691,2.030490399401384
0.2265711870341075,0.14892817793252985,0.132760924362401,0.00221168940723672,-0.39869468710972633,0.29637648397367244,0.19623873578207526,-0.22409641247479825,0.12424560117924432,-0.1413686513656427,-0.060437204094587776,0.26101667175062904,0.05842605315547177,-0.3614546034416507,-0.05977608127515367,0.524316164440854,0.3258737617271642,-0.8659362523623872,-0.16116608451983933,-0.02403547410159971,0.8267434233379891,1.949594727692836,1.4183893540810046,1.7816612577567772,1.9703541732661571,1.1833797838879367,1.6899802478506816,1.8030355257667203,1.4328584295527695,2.2349154564674927,2.375671873312292,1.9611588198858056,1.6321165468726675,2.5023288453846364,2.5423641461141986,1.14586194135369,0.9961945076677368,1.6250620401140468,1.7329226395312012,1.453876050973984
0.2521312236350097,0.1311561341671255,0.27672214355185215,0.06094762907506561,-0.5973237761640429,0.4109575019976551,0.20873897165292313,-0.3263123774408679,0.1960248772639097,-0.1461179493443696,-0.13216964398143338,0.11531402699590762,0.058668286536420915,-0.2459554123318612,-0.011919416620150046,0.4435257952366203,0.2951571384327533,-0.7933139338103187,-0.11191943415067966,-0.08431178470151891,0.8515423816707538,1.198300394987481,1.6988967987807357,1.694741776863426,1.4748724917475993,1.2869011105312607,1.2547759290296376,1.5430672787020236,2.277858972756544,1.910742106454744,1.8998774533152585,0.8664263506865971,1.7652040562573275,1.9628734527084308,2.4945794055654402,1.1361234297325056,0.7465733669155169,2.3472588573691024,1.8457868194237947,1.5252472947034883
0.19005985186579072,0.3204079065215686,0.2283687364278168,0.1205806011614071,-0.287753934204483,0.2802918263678086,0.35811811198409355,-0.08546531154092953,0.0900254965195221,-0.2411536171015957,-0.381596196890231,0.4637520947484106,0.06064752479870723,-0.3421257977926937,-0.11179217610524507,0.3469731721037956,0.20183561201661626,-0.8898566142718223,-0.3508951016254548,0.029577815016916743,1.1340121871192186,2.0809752927126888,1.3010873257835631,2.4698005265523566,1.4651035277061113,1.0036120726109743,1.9992356728134544,2.595819633871446,1.2338968752063628,2.0173336162774578,1.5897710001431682,1.7625792601604542,1.2102202183570088,2.5087646075422882,1.7646723525413968,1.166183355456916,1.1317667595150087,1.5313677759061277,1.4383930333458257,1.9050204275434384
0.10425060789074782,0.21630675535831054,0.1838121633289129,-0.020480168657250622,-0.06660549080311634,0.23299333485280335,0.12832352486654391,-0.3756943273828902,0.27146216644188476,-0.15537356089274887,-0.13308496443883974,0.2119104720103911,0.09389758302366871,-0.29624101163990063,-0.08534709112130211,0.4046273338698617,0.310066693468047,-0.8071074122550688,-0.15858283263699532,-0.059133775283057924,0.7575809716789752,1.3398643855578367,1.4028523728214695,1.917868473149148,2.2545186041023566,1.1626568004464355,1.2205256910375815,1.7538187892280446,2.1183767563822724,1.6513651218382284,2.1240678654570995,1.3424460922242127,1.718853764080552,2.3872236710514256,1.664016146058391,0.9545843903074828,1.15594519192412,2.578436375809984,2.139904776647325,1.4025465376816098
0.20425509034395511,0.19655453584904226,0.1816579945320121,-0.011242300513914708,-0.2602714299084445,0.32038951313123687,0.2425495656299928,-0.24517015698805164,0.08774305230701003,-0.14568822712058105,-0.0685239966015343,0.21099581060431521,0.16917541131551397,-0.33283293191670155,-0.19785103453964517,0.3431511051526359,0.2464552429776291,-0.7393111066552595,-0.2092979542269193,0.0072618166277076575,0.8096535216845353,1.7674342161630339,1.8620731061068052,2.2337600872511008,2.6489146770807803,1.4686790233055516,1.6885591577164725,2.0084210621104814,1.9308120011277956,2.10952130008247,1.998312375401445,1.4802990631147546,1.867842822718896,2.377140464504459,2.519769854399099,1.0907736206630207,1.0268630464367308,1.8289475053853712,1.6824324822911667,1.6567848536530396
0.5556785135349923,-0.15792102032534014,-0.030643626505037474,0.08355100820091924,-0.4346149623327418,0.3389081312105146,0.3861781059900394,-0.2770755464121979,-0.32491458504437,-0.23775228624835154,-0.10100337541926291,0.06906517457858763,0.07497325883916525,-0.5353698659483206,0.6747895855479323,0.6601966293201815,0.5119968838038216,-0.7584915349114596,-0.44500753010855987,-0.0525429577705126,1.8593370902180577,0.635278474214635,1.2189848911211365,2.3635707557286985,0.7225035868468955,1.1705298296421953,1.9465647459895383,1.2315346083468213,0.36526184091708047,1.761940735766744,2.736683663223977,0.5310222774883598,1.6983130015246168,1.2915729631238015,6.2617878277268915,1.9805633129521087,1.3110565198823632,2.144843379144698,0.6215531445059309,1.470814149247114
0.03954960459973254,0.4630394700862442,0.1885785073528278,0.0140897515546136,-0.3027089205313138,0.35884692262831275,0.24766784018275284,-0.38609355782975996,0.18843228110616078,-0.1080726428220712,-0.10713746198256847,0.2207492945004677,-0.10475968568290606,-0.2246028142835445,-0.17218230737513956,0.22372976220664367,0.22523909393319455,-0.7368524401578113,-0.06387534563309913,0.036362648147263844,0.6417266248519427,2.2976990547071043,1.8239312015619804,2.295170245903245,2.145410576963098,1.355754232909629,1.5582665821774213,1.415251812432611,2.0281202088107726,2.4444480712778693,2.1635070459083363,1.0390039077605424,1.5704060812201088,2.0496022771065086,3.0160752848445567,1.1873704259048476,1.1291182658194028,2.875409556387812,1.7552581497913646,1.6475521763893421
0.2636984943465786,0.037060740039359906,0.2300333119560501,0.05018123607086541,-0.4723065146486081,0.2816715874122617,0.24231782055983536,-0.2039286404507602,-0.1449964535991291,-0.1007631947563273,-0.15641315984979184,0.1858183981578793,0.10702598903331924,-0.3570450532104964,-0.10075261479729698,0.4851010325459628,0.4680595489128877,-0.7752866532110522,-0.1738810954013716,0.13440522088983414,1.0575611735428956,1.2221125362304948,2.186999591327096,1.9703261589581496,0.5098809558307029,1.5415119233841794,1.4848803971451137,3.145407298458977,0.8983404043084989,3.2035393807840977,2.053379478525853,1.3414769159359585,0.9973031571427659,2.0288195557473854,2.4011793074769487,1.88767836958846,2.047922878267149,0.9577965751656328,1.916264871566301,2.736070414447525
0.458011716264994,0.014515588048563262,0.011508517919804097,-0.0633803717304278,-0.08405958554096318,0.1181588626432022,0.061624416220165276,-0.08260286498767311,0.2330620301322283,-0.07435904168345983,-0.1470092755564482,0.03410367071878011,0.25858255139665653,-0.1987882712487502,-0.3462675951298217,0.23713299744899696,0.16674197687201242,-0.509182687482248,-0.10980788509466818,0.022015250789055543,1.255486582447488,1.5519456922073134,1.451297228385993,2.030214549560808,2.8073510855017085,1.1000395577687003,1.5786204012493632,2.7266824536699215,1.7860253576403995,1.8859180857481788,1.9164751179138897,1.350008610291752,1.6578243067052636,1.836872375847462,2.0391399932004846,0.92794148557534,0.6725366724425603,3.96712361809034,1.590107340979872,1.482403343130381
0.16287859697320808,-0.08569370232418189,0.3118914361700329,0.0319901099927236,-0.5082116315669142,0.2960020334151468,0.16807552209970392,-0.2110469835178424,-0.04866395066502576,0.06848156080460435,0.08954005339103971,0.11092443921406296,0.11281184643231608,-0.2364964495934157,-0.21590846352622284,0.39166938276435354,0.4725451013691165,-0.8253866801063091,-0.13256495911229044,0.04716273778589437,0.7608955941846952,1.7667721488177983,1.89730085047906,2.3569502863269647,1.6380894265797596,1.542830950130428,1.8180099027885233,2.226389851164398,1.4549449806326247,2.4787943351153046,2.6773540471111605,1.7218827005558426,1.3881412056186824,3.0501848162909195,2.1699080321424975,1.2893098934381864,1.4122240693999828,1.574115228936728,1.9964959805220717,1.5473728172309407
0.2709611568760701,0.08871146931830087,0.36508959830719356,0.16953382408515574,-0.8224672686797494,0.4541952728091752,0.31824538682988784,-0.25210796581561756,-0.04504788276513146,-0.2126683517263603,-0.13530845891057292,0.12884294167840082,0.05678850421315629,-0.3249093395857805,0.2971191343908458,0.44708484617155725,0.4856714173857755,-0.8896669591975738,-0.29808181418366386,-0.10198551120107005,0.7636467745149093,1.387347857316179,1.6433110681964724,1.658366201044558,1.3473190228122531,1.2712055145472207,1.2336812657097158,1.6098714130690637,1.7602538812169963,1.561095734087259,1.734229060053258,0.8036107759220956,1.646463297905176,1.891485386267484,2.1580975872994954,0.8818847966303626,0.8818429391662816,2.5727670164873606,1.7331453350781931,1.2346789896971402
0.2514400487356345,0.07426730147259701,0.05165473180318731,-0.04132966671491377,0.0859196870717953,0.1265863014290291,0.08865508247998845,-0.21644131006960904,0.16783642431193774,0.07121889486551117,-0.04036415081706675,0.2526382430896868,0.09097304321313825,-0.2621071846545835,-0.36642650929231046,0.19580299504397997,0.13609387548896748,-0.7005859618941191,-0.06839118218681785,0.10255933662396777,1.3108901030130231,1.5557752762734691,1.4693188997609756,1.8102216357124608,2.834832956852906,1.3430434834214098,1.727245387980458,2.138216444023166,1.8146959981047976,2.808742423646073,2.339785033703478,1.7066463809675942,1.341786240945111,2.136963154932425,1.7505784050773725,0.9776988211580542,0.9386302005228404,1.9390094501351511,1.6854198560737428,2.0070468475857854
0.16896948435469325,0.2847781639393831,0.1877144639928263,0.033115139945335964,-0.2803754259450739,0.2317603574198908,0.29567874534037647,-0.13268193722344768,0.1397312532105385,-0.12052869422920665,-0.2503504116405533,0.3076025897123916,0.21957683476229087,-0.2902668932088306,-0.24232302659237345,0.2948961472236871,0.09807816494252046,-0.759641805734588,-0.23088711529644096,0.04515396502658029,1.4305657998308705,1.6465590662100251,1.5527911307519815,2.4217436841338107,1.8743636250446305,1.1591860046705291,2.008258186956747,2.9537143482228747,1.4040722092834872,2.2896262306878032,1.698430928351521,1.2354562541222551,1.546898858116057,2.463645579996496,1.9850256826914747,1.2371275445737904,0.8428782901670876,2.2839975954647698,1.8824417776535696,1.8921521593713817
0.030107548045776488,0.12178188704064488,0.06871945000624045,-0.0474550590002913,-0.7195152060087985,0.36074226748488397,0.22732573315129054,-0.24046751507114336,0.3016902097654663,-0.06558556175410267,-0.04228594656522162,0.12605798748094282,-0.04483695250236135,-0.10066746303125693,-0.16122776593845234,0.486696064040192,0.3017200548752531,-0.5724709633392632,-0.1769641606313621,0.14663539195156367,1.1246886180022415,1.8025938261957544,1.551231469104131,1.810842388772547,1.9801598315528353,2.0514125828003036,1.7505134769910426,2.7802198917539225,1.5220457393325075,1.9169240711840028,2.1401083094086366,1.4316983953223796,1.4264177664075752,2.6396104395130418,2.133602167198793,1.3536421465579522,1.0289310415958988,1.6672201828918205,1.655851876920939,2.1159544908806622
0.6099616129640141,0.11142909818238558,0.08080716378950371,0.04689183613742465,-0.5380756299753806,0.20549746802144367,0.17886163307043432,-0.11942442882882436,-0.03132272624932217,0.042480470555639804,0.029472994656431818,0.07513646695001933,0.09825644724370661,-0.37718713318960573,-0.2781619753389666,0.2798142368195498,0.2746813853203989,-0.6262286781087468,-0.1763669348211117,0.1134766928010056,1.360726645918165,1.7755219614548776,1.5126432823784677,2.5849516379842363,1.2435397375528463,1.1445316530097736,1.552820217814611,3.0057135781340683,1.371079146602376,2.6501001739695362,2.5431880029955707,1.428975748416477,1.921533581746267,1.911737034193848,2.0926513620310505,1.3325914481802783,0.9144771376103584,1.6292538755359705,1.4609955904570833,2.110837656615438
0.42444185516767496,-0.0076937261443093125,0.09357750236129611,-0.005314828201981856,-0.39528797584365327,0.2476213943540782,0.4206133820046473,-0.2577139038933299,-0.04510001000059199,-0.023255365804625637,-0.10434429352778318,0.39054559726844046,0.18492126346948914,-0.2413291864646749,-0.19548960664319487,0.2827868811269268,0.22896968789754904,-0.8969825856304718,-0.2077428083160001,0.10677672682051345,1.4532136101641535,1.3691365698548843,1.4678263451757378,1.69923116276496,2.381247336599085,1.1898999390795175,1.4628046204711673,2.157140121755869,1.6150395348938067,2.121683002803594,1.9293314310381389,1.5580725927533488,1.4493738980748243,2.1649930361593857,2.302836755058359,0.8432650812824612,0.7935836151411103,2.17306426593499,1.608884120370328,1.4235197148558647
0.1918332463004457,0.4596631296696183,0.1180068430982001,-0.06329060001352649,-0.8141916538200269,0.2999504016819596,0.44528867575960007,-0.4980642024790122,-0.11261518563215682,0.04051353779146219,-0.03231727199908475,0.5887300894453864,0.07217126588426834,-0.31503724022258767,-0.3169340813121822,0.31141755968917945,0.21452396391928602,-0.7041894405085825,-0.014070989392079014,0.12861195213983143,1.0792463082681856,2.558973545045683,1.3624697889571937,2.017289469713515,0.7172475908461686,1.3394650019205256,2.77092127987532,1.9641184778589316,1.6196929086941323,3.7497682520134625,2.4568423408511433,2.9489326781893337,1.9965237549776893,2.5082658257604833,1.3869196266822141,1.4501176329820236,0.8772924816388019,1.4003300127220861,2.004484403217187,2.759196269301537
0.2993839763175291,0.28297237544947423,0.09785500141915836,-0.17764724279087196,-0.4503661924979962,0.18027893313983007,0.1401802269279125,-0.315843758443455,-0.1746904607376758,0.1465659060388522,0.06454979009154226,0.5549073003616514,0.08892273157197088,-0.33566255324100874,-0.28064991613428497,0.33677761265712436,0.38129022365712795,-0.8537446232524772,-0.25491409638916335,0.26983476585476013,1.233661803302723,2.4440958639945807,1.8599104804037023,1.3458916842722797,1.6013831015199294,1.1169382534404255,1.2713884362929035,1.9861145498127488,1.0430434476980086,2.3466630652838085,2.229421499012326,2.452544437456307,1.6764200261942594,1.7295842424074392,1.9342556940402864,1.2527686795334907,1.4262177537992733,1.3075759333979264,1.047828363922957,1.6198625420659472
0.0575863907885392,0.5860763057610401,0.1512561852348982,-0.21739980284055002,-0.5203399644188736,0.2483233941614389,-0.01590581087352662,-0.1148148108672784,0.1697578180691995,0.11074740789518936,-0.21456579025470598,0.6391669930434688,0.011306550285306163,-0.3213703958775527,-0.19248218231818803,0.19708914158718344,0.18839154247033166,-0.8662580802205015,-0.08512595800672974,0.1885610663813111,0.9023859034313976,2.4167184845284475,1.866962111896848,1.6932228215620013,1.3214324045462031,1.113522354653152,1.1519978474763466,3.8752906018208506,3.017658089737856,2.3972602447277125,1.4089498705014283,2.3807653567818536,1.3068338966048267,2.209316998274576,1.6707788018367928,1.1559476446821269,1.252776856001311,0.9317684129046104,1.9687458787051004,2.388085418934319
0.08290769444477031,0.2288840216132525,0.16628827270475616,-0.1241643817408421,-0.5084905307037858,0.241557367181208,0.1692847811117149,-0.4209028971836685,-0.0036218786542350874,0.1917089305216169,-0.08934205654363724,0.600268974188508,0.2418725303227004,-0.21114391792690204,-0.44683717430395525,0.25267657520064735,0.35348692611088756,-0.8704982425916618,-0.005913428666798073,0.15197843491542443,1.052865417992498,1.920564179678537,1.6897929916104093,2.282900539159558,2.5481607484751008,1.2490663850910078,1.8225837112936671,1.8329057061867065,1.3359324423751733,2.3233936030616316,1.8025960267977077,2.493491606697864,1.40892651903291,2.695514222970507,1.847643027261512,0.8214958345870975,0.9339775917500286,2.2330670547864715,1.7991872824999573,1.7808680097677336
0.2745410168845325,0.4413799173767651,-0.0002230632290237432,-0.1111063568590661,-0.43477749366408003,0.08719668251459475,0.2294047506775256,-0.3714238096396157,0.026604062658623005,0.06353278202386925,-0.11600277910088408,0.5854980943645404,0.10821585865032461,-0.30575359326243273,-0.33894022679844493,0.18007198737141775,0.1983863032921304,-0.5847690280732648,-0.152803243699963,0.22096813851245198,1.8639841911358663,2.871802629185786,1.5397267071291723,1.4893154849468773,0.9890509418262714,0.8081566770461301,1.4173946485511464,1.5784317731984063,2.3838228730889073,3.141098280487779,2.0285225490253183,2.3922226342708446,1.9292531711787375,2.0136584253022813,1.9970741892096917,1.1228720590348564,1.423683877464818,2.294496193460932,1.8974926108212529,2.879622960907189
0.4551754099513564,0.1866162460275653,0.04510501196363133,-0.1638110543335934,-0.21569233280894784,0.1573930971559777,0.09971591420924275,-0.14293857441210964,0.08181739763101162,0.026538424308259024,0.059793296365433166,0.13570743257975185,0.07548292577146196,-0.3262718799738546,-0.25776455810935706,0.3467873474203826,0.27748977813281045,-0.6930106188246423,-0.28745217251978966,0.1393189094654093,1.6712500866764926,1.7827599384095971,1.5674369559367836,2.074221961088728,1.9430993832164931,1.1298875417502474,1.7651705921942604,2.644358771295422,1.7600935397792208,2.5565292931342407,2.639585359218128,1.3739139584467974,1.564099245004018,1.9548618958077335,2.155105850395289,1.220901513279364,1.2914070277241767,2.1241151973889285,1.3793058229353439,2.1350941602073727
0.4558644469513128,0.08458830220673524,-0.04001171818391609,-0.12728182393501455,-0.0678628444435147,0.1202676055774045,0.1026217152207428,-0.1947422525722007,0.04259236197836668,0.05793286635787121,-0.13569967639444203,0.09130362502601187,0.1913839110835554,-0.23878531235650416,-0.2064498907829664,0.29247190577581256,0.25211591364971253,-0.6393945928722328,-0.11810187592455786,0.0771873336378231,1.284707261468631,1.5551346761274782,1.3483973854592035,2.2084333247259345,2.4849804189099003,1.162703665689344,1.798182883956371,2.1928286675924475,1.7870678058760143,2.181063363782809,1.8020671612780848,1.4619700095073291,1.5657970583106622,1.9634206811415833,2.138921611545393,0.8861545389514393,0.9052699794453634,2.8355543647887327,1.699121981382706,1.7566475796390069
-0.026190053385944254,0.20158597362689504,0.2395683458525608,-0.08601466111596431,-0.5083668218711548,0.3261950477139501,0.07258944983091396,-0.11015049927085747,0.486833770448916,-0.23142411534359994,-0.16127260398790824,0.1617868231234231,0.09136845324841314,-0.2385323337352781,-0.08394907496917105,0.5185144053207428,0.297480044553191,-0.8284213211647387,0.004812142405638639,-0.12641297128002643,0.8668665061802989,1.533366176277512,1.2199064824359207,1.5135371208513424,1.6785476863253184,1.079249207510882,1.1146318409273317,2.319698486686197,2.041782813525414,1.8336530392724752,2.112461308374817,1.1435955610723711,1.4688637842170311,2.2113549580326577,1.976618708282132,1.0203224813710183,0.9476263765143093,2.165990504437112,2.063402374960649,1.661610450757607
0.4111599101861452,0.3102828446349069,0.081564846964923,-0.20947176320487887,-0.16840696223174115,0.2881726484187068,0.08319416028177987,-0.3184990679462789,-0.1187144474354197,0.07732591953885057,-0.037910674752655645,0.557540343844316,0.07831240536934515,-0.3266491613187667,-0.3656010048755524,0.25597302553217344,0.30366289908872524,-0.8654426313492378,-0.2645273412195461,0.22803405047420486,1.1715376286951729,1.833125838258696,1.7574201476876488,2.0370510130831088,2.095950063908593,1.1607348989626003,1.32691629205082,2.0973285855576944,1.4320811090209713,2.0097922155918715,1.9990840196221564,2.211567920969403,1.9896797809019453,3.139655982232238,1.8522577037641383,0.8429415811895417,1.1011243918494888,2.148238310589196,1.5635778031392833,2.022923627566203
0.24617064779026646,0.16198031503570906,0.15401913903824435,-0.05240065121571532,-0.12673196262563963,0.22071294816118286,-0.06917586379333343,0.012523763416686845,0.18999669343504824,-0.09942710720062678,-0.10177387451367542,0.05508011354528775,-0.18897157572347953,-0.4239632939366014,-0.343766445765098,0.6884499019703835,0.4362942307776749,-0.426245699084194,-0.34077208718324653,0.008000807871124777,1.400548496636413,1.5283594961157942,1.433646526529588,2.2984928525885198,1.3321625782420838,1.0431706531676856,0.9520868372079426,2.7768510329276435,1.8888332629823177,2.34772757581977,2.107032782591507,1.2462963563252507,0.8623351811450733,1.768480342299083,1.7453174312890147,1.884565186727155,2.0201857752252006,3.49080512571093,1.2247947310047387,2.496433903137856
-0.3166332542464019,-0.06928090941668476,0.6886342094953125,0.42632227559430813,-0.03612945281487596,0.1930902538741289,0.4090999917761997,-0.1866232382979949,0.18589422874299494,-0.13834112149942165,-0.5043165770711704,0.9333191057181706,-0.3090993070180094,-0.3059595772395451,-0.3608295227891696,0.09122474476198154,0.20373879464080505,-0.7917644451832553,0.2886759718964669,-0.40102217092383974,0.7742534915351611,1.1863739676565899,1.1948757509621295,1.5774555456474355,3.5868350986963664,0.9794239757595646,1.2561404500735023,1.0824341566709148,1.1740449670500404,1.5358924273073995,1.405942302120045,1.572049420070058,1.197041630154431,2.180919999602432,0.9729238001187058,0.6195729048418583,0.6652567013401371,3.346522225805101,1.9745542338862128,0.8746870984250643
0.31978279403264476,0.2609237429562242,0.07042294066391332,0.10603042580874948,-0.6566916774827887,0.26748587046379657,0.3402484839868713,-0.1279410174191131,-0.18495052514266663,0.06501526800690895,0.05690761651810596,0.3585212208513196,0.1750109745713497,-0.3314783840247748,-0.2000930743470183,0.30535655115637517,0.20139202094706468,-0.831260197130748,-0.3153222239261892,0.12063918950997553,1.4287854754968272,1.973036566075308,1.4733615791458248,2.530475094076423,1.2452434707093953,1.0282986818922066,1.913339597872616,2.44492474597703,1.1512489090851687,2.497681417023484,2.2850092256113923,1.4071194909466496,1.4967416528197477,1.6950947272009882,2.4394957470976353,0.9462777100650664,0.8467874124505316,1.4375146665809335,1.2348333482379894,2.0970644521364297
0.22419615022709455,0.028315783126176206,0.16014784630468434,0.05668675724788923,-0.2808189648848644,0.42526710632787534,0.3169151829641904,-0.5563814890000324,0.12367063373490762,0.030267417717757438,0.105691979395512,0.2599436685349504,0.11765907404632632,-0.19010954576661904,-0.460434729438534,0.3268771380242724,0.1999639995229698,-0.8478627282481441,-0.0464988008963995,0.0065035210599856666,0.9432514807324914,1.4230184135845376,1.4125467492086003,2.2105039495856005,2.431377402887643,1.446941241229739,1.9600384368356816,1.4597688915205576,1.7081514852605153,2.274186403574428,2.411243828497892,1.547022292664036,1.5478473470137082,2.3870238988369623,1.5914478851919998,0.9006161472378685,0.631928312632059,3.3475052281010163,1.740117639325618,1.4947328203907877
-0.007231263288495997,0.0866385783249313,-0.10950911473483012,-0.08207543268017281,0.13460147055069713,-0.013478232767857968,0.0032445789462477795,-0.3545883927011024,0.5396505415339964,-0.0783473014061433,-0.24074851358872104,-0.1547260173592893,0.2576491803386914,0.014215924080012269,-0.04671667501441575,-0.025106886453842372,-0.005719960757387593,0.12577776185991607,0.08275924428114341,-0.12628948916337712,1.1895817648996632,1.6738764012009912,1.1659691895957054,2.109264150794026,1.581987493117281,1.0684433680124397,1.9906304723381636,2.5738949037438723,1.594406307518116,2.0054861747676287,2.2882303656335377,1.5994118667755515,1.32574099969626,2.186708769052091,2.0084939187062605,1.0502151793956211,1.073423905304898,2.82242557306436,1.5011911350178713,1.7621063328523685
-0.1295084988477926,0.13821805852870855,0.017833517502793904,-0.03322305516257264,-0.009073014352265766,0.1286745345888521,0.16755989439358393,-0.502388853487559,0.4877315840633432,-0.07301238615182637,-0.2736618320150894,-0.05127624132277098,0.3408121356311609,0.01356395805137016,-0.4847448423338415,-0.005269008323815411,0.1261905055746603,0.02016205527596679,0.2185940223081534,-0.09718253392105938,0.9058991397689564,2.1981554391165323,1.5601283200410512,2.394404738380046,2.2542091048403075,1.1475072237874648,2.0057817556573694,1.941652297385104,1.6634993606397925,1.8629994920758808,1.5712643022674944,1.3623327397057505,1.5504807906139413,1.7114476085501573,1.9975123669160488,0.809191912832818,1.034654576185261,3.935856135660432,2.097515157052816,1.4580620893214147
-0.09307687526260515,0.08906338597162183,0.2165088987522542,-0.001686379603042572,0.1357873448289756,0.15166022809713361,0.08061410958718841,-0.40594376420361256,0.1456768262251623,-0.04587347945269521,-0.12092566811632832,0.16875624575675824,0.2622427791127644,-0.06559838978213697,-0.2166047111067442,0.12066074485304495,0.10488585931985436,-0.460406647135078,0.019640369432319525,-0.08538087727483448,0.8108442546344083,1.9002328408930171,1.7652587332661278,2.403953120099472,2.078566839954254,1.171596344798232,1.5786226191467188,2.2741713353359265,1.6567179156888139,2.0897792989637605,2.029999565402235,1.5657774573200807,1.375108900386919,2.2815971839884344,2.2039011959848573,0.9345774943773248,0.7973684308483553,2.484598508303945,1.7825704736470684,1.85452048788108
0.36810650227045427,0.04691477309875014,-0.02473858918289936,-0.11063161933961473,-0.299355907194402,0.19150762673957317,0.12243213580049292,-0.2415353168946293,0.32243702911324257,-0.06431009506638885,-0.20870686465280583,-0.0922576175698422,0.5113352963562321,-0.1280258637512017,-0.2504478454336089,-0.02446380928713472,0.18218766264620775,-0.2456978328257177,-0.006688609294706957,-0.04806105553200061,1.0159233675561214,1.561866601342387,1.0425049832299391,1.5346126105689997,3.307554626025255,1.058978234098424,1.8047263538617424,2.1368385661111806,1.8290219276530415,1.5198350447750015,1.9979095599115433,1.03024179488062,1.4996938263647723,1.978987731976466,1.694620984064786,0.8419768026616659,0.7705934218564069,5.230821925319152,1.3127579389106434,1.2873444900498487
-0.2157236106804309,0.10027427624791656,0.19180432835202876,-0.01901627084395737,-0.06529912745136124,0.10163597499271418,0.1202928349235687,-0.4641254114556773,0.29573280929378704,0.09467969412699022,-0.21938545302458146,0.22499244279779088,0.3113080233080389,0.024663799525935063,-0.29899709326534407,0.08374289931200513,0.06248152366430055,-0.4787499362702797,0.2352781895044316,-0.08558989305787404,0.9394242934648283,1.747911189364875,1.2972067623234642,1.8035714178417313,2.679967032003604,1.1153285185324504,1.5400853669219456,2.5602526019247867,1.6647871759703619,1.997731592487986,1.7916550813761372,1.3876914448526667,1.5496653544171781,1.6227418205467694,2.2736576662654966,0.9439065504804492,0.8971114875918322,4.830150138998872,1.5777745744961817,1.5210704910712565
0.5189872057810399,0.2878196079957375,-0.0487822646168329,0.031043170118414225,-0.5136312058184234,0.27234508214484626,0.2911585790024762,-0.1567520298750504,0.208596291624995,-0.16655572483718087,-0.003159623810263702,0.09033000021624069,0.08101462331148976,-0.34738535386886404,-0.06530535297836684,0.275902575430706,0.2580978442590052,-0.6820825370998662,-0.2770644613901387,-0.05457642558996358,1.1092265126230492,1.94462854946922,1.1161939834543784,2.1435825008580127,1.5958742396507868,1.171024420370393,1.720780030022973,1.6385616534111278,1.429049805234024,1.9906291918331165,2.105621739268743,1.228407233788407,1.812804219673124,2.4673011063103703,2.2193347609822167,0.9954634928933666,0.9099673208040768,3.42788849079864,1.563313865746349,1.2595155944956071
0.469809296011861,0.3245187050434221,0.21948755060973701,0.1338289506155971,-0.8101423024312289,0.6446175220839188,0.4196928917731452,-0.27054260033368327,-0.1591214927517272,-0.06077773872546455,-0.12018705596368982,0.3970356169891741,0.04697397171169171,-0.4773116047923288,-0.19269695926631622,0.4635926530454448,0.24791530392406494,-0.9846860770623034,-0.3173844676784681,0.02537783719715277,1.1953786086644624,2.002507168310057,1.401187371798194,1.6725224437721868,0.9979902876012716,1.4991966841774107,1.4681447751408532,1.6348107175272582,0.8187308292328058,2.162577879453759,1.9596709216410848,1.52551310313381,1.6153966953370578,2.2091879435058126,2.2228798788833166,1.0359353413004002,0.832762232531969,1.3725647499364306,1.207929456384888,1.553883506968492
0.2190077794997096,0.14892472832527162,-0.2277234394975418,-0.013958992251932336,-0.27328192879700886,0.07990982432716921,0.17170777346097799,-0.08748333585535714,0.4160103095390208,-0.1642278708370527,-0.24804284609721644,-0.17858014483259277,0.26822972114836335,-0.12632823746063437,-0.1376663487181833,-0.023128830752498983,0.18080233209934124,-0.04559956752946881,-0.08385003506578975,0.125279109295424,0.8074724972964819,1.9116388207861197,1.1083525824014948,2.889780845263514,1.8130145967080435,0.9823356197431388,2.1715384606287755,2.377263569594832,1.7239748586199726,1.9223781147868924,2.2368326818895383,0.9755260385997984,1.6009548937219829,1.9235527817334543,2.4191290025187944,0.7366044346173699,0.8096677427055204,2.791967345278702,1.4850568380807763,1.810276380562352
0.07973609729971327,0.09355427761902872,0.10509660861787343,0.045663109342469636,-0.3043516117148556,0.030071282908676358,0.18430596693703072,-0.1915926945653894,0.20469480091050812,0.1845995469583815,-0.0272207424012874,0.20955545983236606,0.05256097711456054,-0.1065444560150104,-0.2289513536125028,0.050947741324406805,-0.009941713321475646,-0.4745491056495023,0.02432628116645802,0.0780395272485502,1.1479878470084541,1.5045571219760752,1.3557835382724883,2.2082397611376217,1.4833710145788033,1.0383603764122609,1.6548424034244194,2.6433154863035555,1.2066877942962002,2.373402618755885,1.8593186178595509,1.4106988371828042,1.5569206845462753,2.011561341857565,2.464399676654989,1.0362855349038655,1.046841299885996,2.406249811021932,1.8056844534738172,1.6524750257358245
0.25885565937360605,0.17272915341167558,0.09698087018166311,-0.01412717799956221,-0.16404845858127615,0.21704065077219323,-0.044843390472409726,0.07822752400944685,0.15762769986876973,-0.07797398870517028,-0.08063859962194359,0.04854042035289542,-0.2471530519463403,-0.4359471647891637,-0.411176837984976,0.6053906119757578,0.4828976504082853,-0.30108344653108815,-0.33805072427334926,-0.0032473994490142735,1.3032346543715072,1.4413043411421853,1.1916774101552738,2.2449631684377236,1.4574618630208809,1.070720329012996,0.9017896763054772,2.7821356449692964,1.7498134072588387,2.392156941643381,2.1019052223651555,1.3138432385562706,0.5921030431098844,1.5909253808298707,1.5931490838877507,2.3645565170979896,2.172669538247194,3.718278966750834,0.9368631072082751,2.6805012106091217
-0.007604208749460034,0.23865778299088966,0.06603696383128009,-0.010201997107545244,-0.3494981403864647,0.31684962941274514,0.15403284489396904,-0.2579733752374104,0.3091127557896331,-0.2161890078099947,-0.16020057530695508,0.11915997650698296,0.1802641304746475,-0.36600227135056296,-0.15672379564326036,0.28232576329907916,0.3021483066914694,-0.21239998088735668,-0.17367351253513383,-0.0581212888765519,0.9721619573970622,1.0920284617245466,1.2810769020387591,1.7935304842879427,2.6526927016716946,1.6820785917178596,1.4990139361617583,1.8261213928345952,1.90334225202012,1.0205761738865406,1.7111165343412953,1.3522210864213826,1.349236635771552,2.1081506989284247,1.7152587680010916,0.8438608820782124,1.4709749218463988,4.113660818664417,1.4993988289860647,0.9882995913962206
0.2743926454915596,-0.11263729755738068,0.10628875777429816,-0.026570113669430687,-0.2594853474199208,0.12691607476592054,0.07588114317813628,-0.14948213904780328,-0.003939727929302952,0.0057047532195225415,0.14386027328581694,0.03918043090942306,-0.038175616721991004,-0.08461070431896626,0.08915303834800961,0.4649782571884545,0.2289290011370278,-0.735327929218443,-0.19047677738272192,0.04542127796779075,0.9662865296523198,1.2856728223623297,1.591343888870134,1.7806008935430728,2.2121961012606595,1.2379044009824185,1.3115628640241055,1.8964135076801716,1.542332622960502,2.1724923878922286,2.433299876937466,1.1579534219503524,1.467932350245164,2.4009200682241647,2.474180962714412,1.3964021588180748,0.8507493000077553,2.713633157033091,2.0265464173525864,1.792631341741334
0.5196123273194317,0.2002613300107139,-0.0672427882223185,0.057557549306786464,-0.4809944419235316,0.18490179241694374,0.19318443538768226,-0.05525108712353792,0.21098384182128058,-0.21009300438351025,-0.056035437486633144,-0.004935303132207728,-0.03898991394592242,-0.3000155827262658,0.07911443385878339,0.29542923327984894,0.19887650624630399,-0.5311192703647292,-0.17278986759751644,-0.02245475274160072,1.394104672734217,1.733406086262141,1.0383668453401216,1.8829366279625497,1.4982275093275326,0.9615803004262155,1.432237883815513,2.8723451355788834,2.29645076103696,1.5820028640335893,2.1685880846515695,0.7575809742835679,1.403497308673452,2.3470657439069726,3.523694641580388,1.101180562270204,0.7739982750617062,3.2325650216759505,1.5502855655708432,1.2715329332389047
-0.08657560671685888,-0.0015555027198232102,0.31966754308189094,0.10752031063050707,0.2299238404019269,0.2390953456702819,0.11371710380165465,-0.11815810738758943,0.26299390116938576,-0.16287151949942175,-0.3622893445386932,0.05601834304696846,-0.038278477563258084,-0.27411328001862084,-0.03474547987897294,0.2855103529001959,0.2677730484375564,-0.5966235942367972,-0.09987071642291277,-0.10713816015742182,0.698542812646868,1.2234411733403827,1.447944150837228,1.8190819961178697,4.076709290581879,1.1179610850143495,1.236584445294572,2.35467866802727,1.6552279926752356,1.530446982305106,1.4127175868437767,1.0890154457469403,1.2993576255898962,1.9405801763592736,2.1608660343652644,0.8591673048558996,0.9010828624786754,3.904717959250709,1.6297319534053043,1.3096804930047763
0.13870164034898552,0.32618699427528325,0.031650816956320674,0.06895848834337814,-0.8693161616452526,0.5087403785254873,0.7517148486704635,-0.4908721798357554,-0.28833879068802715,0.10356932765286371,-0.1259343995290994,0.6512285309175604,-0.03968458959164161,-0.6289958760677001,-0.31193595666989454,0.3516798175646953,0.5923542471322657,-0.9568000003065296,-0.2502805652002694,0.4373734291468663,0.909022722170166,1.5991994027585086,1.2796575538110526,1.9342938977359008,0.25826449892716125,1.4220535977637119,2.392217561662102,3.0227576918871204,0.6978412249964024,2.1267355566523247,1.719427940093674,1.8192356508339784,0.8167014127064609,1.017509883417613,1.7253962639984421,1.147566729053436,1.4260171127348735,1.068607041928875,1.568373711239739,2.201896683312035
0.007419492838518073,0.6964350213432541,-0.023455506719915645,0.05502231020507135,-0.4841637773261137,1.0210586234536163,0.473238024857322,-0.09635512249474551,-0.01593459309383961,-0.4289797298385309,-0.2542452692476989,0.21372302826273118,0.4316431769855357,-0.5609260824622748,-0.16338788703634036,0.2646851471967607,-0.03527277897919545,-0.5314636364453296,-0.2683989727391312,-0.3006414687596949,0.7461885424583296,2.079639964701353,1.17232080149146,1.2746609102716056,4.363761642636497,2.188119961822469,1.45512940284585,1.4753851656722163,1.5134856790501765,1.8530469485701184,2.0899136405739918,0.9630988392348973,1.8345424986280547,1.544321699259913,2.108959132460388,0.6405249717187994,0.4347647416640185,2.029893084618591,0.9928605338937077,1.505688051347179
0.5198411058931048,0.1988107983883986,0.21971068215525907,-0.1773670845967987,-0.517371838194952,0.2540780621571398,-0.01866530548387481,0.05726160490147324,-0.3445701795627678,-0.0844676250932981,-0.15915774724360504,0.1505159138766226,0.04140599732761145,-0.4349356598971478,0.012032899566546289,0.5624928324842188,0.633997289195922,-0.7910412407624878,-0.2531705754838933,0.1306000703725272,1.1399236094408147,2.178080541248667,1.5791927443255258,1.9373907371331605,1.4062484027210087,1.241340475652526,1.0569315177599587,2.9547003377669876,0.7904346361639688,2.0767212335396414,2.0567350730893663,0.9166392742959096,1.350875939057352,2.0193408283222527,3.320067632290838,1.2203374916677043,1.4356924173316363,1.9945911098893288,2.0319923169927154,1.406715599834225
0.14227475487420566,0.03794135867739035,0.3088740068932094,0.260807131325001,-1.1606034583157423,0.3491039901020294,0.17414413046055136,-0.29531110282460943,0.184344960566336,-0.07101820053561707,-0.20610524685830983,0.10550476229545094,0.1843804345821337,-0.16448202367412615,-0.1483344291387429,0.2692887258214388,0.1519776359021634,-0.2473190811197085,0.17960530355477267,-0.055073652587826205,0.8871848029182675,1.3517364560491851,2.0076410577114205,2.576174366712056,1.8640142873191097,1.2913527696158418,1.3378620866244615,2.3294047073449424,0.960731408998642,2.0571772589391455,2.007985906579094,1.0725960852855168,1.0378892874099261,2.3496763019991733,1.8721061024550616,0.9971390928957808,0.657895205168124,5.22652118977896,1.5600126422195493,1.8138096140814708
0.08128554797702081,0.2759476549125891,0.30319973424025626,0.5084791963837344,-0.4762799476840764,0.31239381162759816,0.5818219820765033,-0.1417010711531547,0.2747265005673448,-0.3090396550514107,-0.39427431546234637,0.23241084159921366,-0.2041228454039994,-0.4787632568079574,-0.038891459860511006,0.3929815757431814,0.13207799816522106,-0.595505025661653,-0.2288595509806617,-0.2278877152268926,0.5803780174227652,1.4598661483064679,0.8991029251286858,1.8937889876558889,4.409689317073211,1.096482420439349,1.2670932027046553,2.0420331607269784,1.735112648166222,2.0094373942057544,1.23404910470506,0.6768070243858647,1.2038497888899953,1.4798708223817025,1.9059235000763664,0.5407312891309523,0.5766904781483455,2.646491143337732,1.2613588906528503,1.5732667389657282
0.25306680239724644,-0.027403673979480573,0.2204962005302216,-0.026364487144482245,-0.42842279209969697,0.10697161590125738,0.15536755869985566,-0.0802447111426532,-0.09799005723740542,-0.022154258332747395,-0.10334346447462023,0.19225266933983187,0.12447150689790963,-0.31331232295684963,-0.08431671377833676,0.4822150252848767,0.4588265190529107,-0.7809658030366514,-0.13900661305469555,0.10985699913350948,0.6682222394603441,1.5429836434316149,2.1207875591787735,2.501724600890028,1.2184531810549688,0.9302941966489576,1.9006954326685117,2.9445386553500508,1.260890130533804,3.3109466843800197,2.5408795095074503,1.8895720954639976,1.4354212403140096,1.8355500192866472,3.3995308116530647,1.5923372323999867,1.7092919143942182,1.1116847456180696,1.9936390404022029,2.4497691351349316
0.08399809382035625,0.02496610863452392,-0.03424013958334161,-0.14005032555349686,0.16731822614637357,-0.035641559339537415,-0.005300299163397173,-0.09935258852066366,0.28556255044936774,0.1909499745602855,-0.19158044247169861,-0.04741282888162239,0.2160433321659813,-0.20317238597383888,-0.1540425119810742,0.14018220778620483,0.21833611728611904,-0.40409456532315846,-0.07536872555630343,0.06289976149892043,1.2616404491664834,1.7031998889585447,1.370013774227103,1.9155210545243724,1.6678799934436015,0.8990984962372316,1.6670457398538499,2.5453595129624453,1.6630133322366913,2.0491659458436176,2.0874423380053484,1.3033863793297071,1.3767838845240583,1.6779850397275455,2.3854201685452625,0.9942877933856834,0.9382462676335682,4.02123915142796,1.3990332084470256,1.7086231871320947
0.005596991326476193,0.12560239122044356,0.11734864890613768,0.010547579740603353,-0.09958387167518967,0.2875634474622624,0.24000946786843666,-0.387366355654126,0.22135688480493704,0.003746092729662976,0.004188259038428051,0.24643453504804064,0.08980410991676376,-0.30464862932726877,-0.3001735633702586,0.24881817856264274,0.28160456661979794,-0.7257532209076251,-0.12343610647142078,0.05834059416125549,0.9091096241949524,1.9291022335174788,1.7746653318663397,2.0502901075764033,1.850673076670044,1.4820286992417473,1.4611887202684455,2.0155068006797574,1.6647715766972944,2.5711922796025983,1.649147983162029,1.188791119037706,1.4322349709454183,2.3789421117808516,2.043430178075225,0.9454857409753744,1.2837939573545143,1.7516966644404108,2.218711265061303,2.1321639715082643
0.5687456599242625,-0.15266383050714963,0.27404516914020666,0.058071916240038726,-0.4719369847721414,0.1866042343564197,0.09339020565803414,0.0928158874847533,-0.3033758348904067,-0.027162214446599317,-0.1353371213848204,0.08270526964656384,0.06056413897974465,-0.4218866909528822,-0.2145816593862286,0.6441448892153345,0.7879595450429105,-0.9096366252549593,-0.33983677425418957,0.1273708201611085,1.559176821950612,1.0126420644651255,2.521121634759951,2.789080132931421,0.36798519743804614,1.085479714275504,1.4276791446497372,3.432584868460096,0.6612249669219264,2.824869520913308,2.743573918940963,1.246381450322761,1.4148111038004738,2.1193614035024178,1.8509848084800744,1.6899275153020619,2.5160939258603374,1.0450044956416291,1.4716922259937795,2.0893699955887186
0.16127657442773918,0.14547887620610425,0.007968716962678184,-0.10113933417000438,-0.24833922172510814,0.10808687394446256,0.08548252469535383,-0.2574049648646837,0.11149248132954767,-0.057135763160729824,-0.1385897555076395,0.01746257307573974,-0.04219628558731244,-0.28432526273869696,0.08797984724731561,0.42215789791227704,0.4471488010829849,-0.5722900340323545,0.011151586410944032,0.09573386849138296,0.8548969841423593,1.8212048813803057,1.9979683868385147,2.1551923097816243,5.882934519458267,1.1941719792338084,1.4606596436777068,2.2910005937428606,2.0185930689421436,1.6707190704941584,1.7074367687652179,1.10441943553312,1.370019562904783,2.195430902109256,3.5350572466407346,1.459782987033782,2.1169303928986927,2.857771906542824,2.24944016806057,1.4899611729871836
0.20480109786239237,0.30847919345617486,0.16163346908107976,0.053309227226400246,-0.8654880906392644,0.3747061619897781,0.5584693066177171,-0.17190828461984864,0.39558176923312977,-0.21077647854530696,-0.32110242347575374,0.4142080328806432,-0.044063106028946586,-0.2513651881651367,-0.21826346281696596,0.2828845692319166,0.2657131899784219,-0.7304542238818051,-0.19916366563310398,-0.007201093751521739,0.9787290695812148,1.4454327987126767,1.3206220552634722,1.4722095179985653,0.8152460224142266,0.8782942864119366,2.0063504565745385,1.8692761525549593,1.8683479317859328,1.7310473565100175,1.2245538751806384,1.4245411136811612,1.7219624475605053,2.7793978573912925,1.5895779373905414,0.9646838131427,0.8341336472585252,2.42417955663456,1.666046677577578,1.5836232197112845
0.036356149006264396,0.19404657006670753,0.14244530888765214,-0.04472372936335625,0.07726112260451784,0.11706836101073795,0.10225376683112793,-0.4054582386132498,0.3354177616881084,-0.0889628982609029,-0.12877139060220208,0.2362223683853015,0.1513245182341122,-0.21220920333410734,-0.2329951002808258,0.1710804175680474,0.09368326175568435,-0.38738910925647174,-0.06278970002051869,-0.09386023630662702,0.9548940443486807,1.570515219310329,1.7498486011118215,2.148232429675845,2.018860332003434,1.1911955910800585,1.7442661557772148,1.9239006118252413,1.5662165785159552,1.950291203760416,2.2946478107168,1.6413821774584565,1.766701782908755,2.103815459522674,2.496292942257772,1.274587879050919,0.8191703892818721,3.396944914626266,1.6865102252162298,1.6772668672771485
-0.10420294557934633,-0.131256590736686,0.687456607417947,0.03809779038521825,-0.4631685315133408,0.18450297079233768,0.2175515220235063,-0.2282584548414736,0.01100915972011757,0.16883417414855303,0.1398066353904872,0.20143110918564594,-0.20121566772855476,-0.13498364617355102,-0.5089192137573584,0.6194215867599544,0.35499363543757834,-0.5960972670611921,-0.1338678924456442,-0.12113498142419946,0.6224334168013416,0.9323064023584396,2.594261012462489,2.25669691659433,1.9255448105343889,1.6242603451801827,1.44619518153473,1.698944189908959,1.151288812423292,4.265492439835527,7.924031775152293,1.6538879542963507,2.0565027518994543,2.2387227258028046,1.6803976896834432,1.761629435225026,1.6335695923362439,1.2221110485266815,1.0591371098262483,1.8782766640770767
0.4757239146531037,0.30371065914483597,-0.059586399517518825,0.18569737877281453,-0.5708090551699652,0.1591767174843801,0.2471669249058741,-0.09028234479832627,0.38952565047374155,-0.24436574103647904,-0.1335402151443254,-0.08671223291850082,0.032085962720892675,-0.3441166355861749,0.08489665399783795,0.14230776529945904,0.2287015896428531,-0.5904339738918157,-0.1608290954007242,0.031682476368037005,1.0879794055151184,1.9463022019668836,1.2072953709689123,1.7688242257107765,1.7825759542026671,0.970765459022988,1.892342103010568,2.984151486103664,1.97822236341215,1.7300329302669553,1.7545822823553026,0.9017625602276496,1.5153974281010243,2.2916477488622817,2.5304003245466364,0.6424400722404822,0.7948131729401667,3.9737808343246295,2.1481529496863314,1.6631068711187047
-0.026562229299861146,0.17870390476484663,0.030410921780592643,0.03156257576742186,-0.13629150857937264,0.10113745244030296,0.16111061794261075,-0.41326219522870883,0.21310997315493024,0.01793640025671526,-0.13369435317467696,0.16651517771784352,0.19313462127666464,-0.02777008885790389,-0.30057397887943527,0.12449322409471428,0.05683329339809781,-0.3518882596118116,0.15160924861745997,-0.036514797580430365,0.8456182291179117,1.904460074076604,1.2676986965862311,2.3217256758405846,2.0523293503197166,1.1403908938435103,1.8375752964074117,2.1296890207378385,1.466209690203289,2.2864920842562504,1.9871403587263128,1.5586250950942409,1.3927443681159832,2.0733339313507684,2.1503409858780045,0.9370568993866816,0.7476715436388943,3.7552779448675175,1.8448000383201844,1.7157554147012068
0.5593991749664946,0.22742498044303955,-0.10791499990630178,0.024324892434739943,-0.4740549362216424,0.19258339620872036,0.24649800303870814,-0.19010153033892735,-0.16106635904305427,-0.05919698642924505,0.007170276082679995,0.08980776861432499,0.13214557621717213,-0.4626746316825311,0.05958309878611138,0.30794480405107294,0.439157786919743,-0.7029378075040669,-0.331496165814482,0.2034036591774432,1.5237215458529894,2.5737399920519035,1.1879656811802488,2.261335303763977,1.3582687892383896,0.9613837832978146,1.9097485629085225,2.814068764741436,1.1131745600970941,2.3601467058640035,2.495074196305868,1.003315523964276,1.6343776802088998,1.4765064838354915,3.023247496531748,0.9464145900467794,1.1558804925332353,2.2594332331534903,1.198845720419453,2.1270328116057544
0.24136557342964496,-0.39262894239288093,0.5292989045810638,0.27132457548282063,-0.7359621743413665,0.11470793069059558,0.13937364604340557,-0.014823362384737894,-0.3416316575465657,0.1541899941169523,-0.2583726360900322,0.19051082663427826,-0.05753763942017934,-0.1707554077913357,-0.10355604313990953,0.41993030368347706,0.5588154266749242,-0.868038834440777,0.15294052569369349,0.1708489905169272,0.6751427615345916,0.7929545226922957,2.1171679888615813,2.4645242466755395,2.3565651386151814,0.9582718107830857,1.2607100655287233,2.2658684521725148,1.4358297289410775,2.2834780491772126,1.6218273394343972,1.2946613032968337,1.4198150246466077,2.441347892232068,2.2699613704143635,0.8245660163063449,1.0696275074386699,3.7179385859076377,1.6947942632511823,1.792156353867435
0.41546139175627406,-0.41387050609802317,0.4624861982908013,0.15260025958316986,-0.405484461126742,0.09035796097353539,-0.2566167640456966,0.06690833296645374,-0.12730217165442967,-0.21921671330849854,-0.3729608921267095,-0.08052018647418079,-0.05429370884830506,-0.14058927008224803,0.010174527803138112,0.407914951544059,0.3579767165445668,0.03309366366296625,0.2190773882311645,-0.145196717591295,1.0078492495331703,0.898206118651305,1.907432485882848,2.1260817284426565,2.224519889014835,1.0807568763898991,0.9702285044576802,2.0646111326828294,1.243224779270195,1.8588141957823243,1.7890051434699463,1.053078069841368,1.4498947535945872,2.613156310105353,1.9065178206170372,1.0242021409419448,0.9244489549021684,3.60730628304766,2.016990473833897,1.4683049497513283
0.16015708294156653,0.14944600208123798,-0.033713795048197215,-0.01287871767115336,-0.2789596099744332,0.0504813282800338,0.0790298164946186,-0.2972998011730983,0.07001394064338914,0.07639599995037347,0.043544302620473783,0.1087758082693696,-0.0009129677409046424,0.014098715493841028,-0.15242789813947474,0.2302702621983552,0.10447002346565376,-0.5603638985936804,0.16248452561853818,0.0873888802834911,1.029774836041233,1.645615581793462,1.6221560026063233,2.0723463786291854,3.241225961927303,1.3237128079424711,1.5820539045863307,2.0429615849074207,2.055427304113983,2.2340825457263658,2.8041302206010466,1.3407558728558968,1.892622869235033,2.4575017784304003,2.50884939741564,0.910994556074878,0.8236984416085309,3.3420907519860266,1.7684049153763732,1.9965070799254991
0.1309453415865208,0.0020845692016516443,0.2037770387561927,0.0985380672291192,-0.32682932824890254,0.004327895085958741,-0.07777391993748035,-0.024736529174522102,0.21015310103340176,-0.16624358138035886,-0.3863531281046899,-0.018125339460058357,-0.011299837611591815,-0.1779499101782525,-0.09714735064384479,0.20284499426563649,0.3965520570541604,-0.026219905721389783,0.07274746060510201,-0.009291694356652773,0.8611277733622282,1.5420113818404737,1.2999638438616528,1.9535703384044485,1.8558391168681987,1.0216318872454286,1.238241198030385,2.3133250440430895,1.48569239985055,1.9740957843413285,1.7701706908551358,1.0148194692856807,1.4275286099602367,1.7565437654294993,2.247130584455817,1.1175061944177522,1.3646763216668132,3.7486113178503904,1.4381699170102031,1.371868472407932
0.029267314494293976,0.1552510254223134,0.2043435473893379,-0.07406552621813152,-0.02424077133397718,0.2326445036497685,0.049864801082660816,-0.3358234935113337,0.27100770236170335,-0.14938718547365928,-0.16914183933402266,0.21951925286067714,0.06101209554580912,-0.15081697726339255,-0.21689164063022287,0.4442049169468109,0.19552106514372547,-0.5618840283895838,-0.07878526604084003,-0.1015994967019371,0.8717518652387456,1.5469396575704193,1.5454687869317176,1.905023703042504,2.7294659267876664,1.3600429413523887,1.3202882624616208,1.6922645262410956,1.9857737856612516,1.83851778224599,2.22196434845236,1.2842203418985867,1.5334613108163042,2.4135475772371873,1.7252929459385178,1.2301962095484336,1.0114270895249713,2.655491727174186,2.0418904354974026,1.4196492997146712
